{
    "DummyClassifier": {
        "accuracy": 0.6766666666666666,
        "f1": 0.0,
        "roc_auc": 0.5
    },
    "LogisticRegression": {
        "accuracy": 0.8275,
        "f1": 0.7076271186440678,
        "roc_auc": 0.8746905312071505
    },
    "DecisionTree": {
        "accuracy": 0.8720833333333333,
        "f1": 0.7924273157538878,
        "roc_auc": 0.8950488167182977
    },
    "RandomForest": {
        "accuracy": 0.9258333333333333,
        "f1": 0.8792401628222524,
        "roc_auc": 0.9665757833528008
    },
    "GradientBoosting": {
        "accuracy": 0.9291666666666667,
        "f1": 0.8868175765645806,
        "roc_auc": 0.9689348877659846
    },
    "Stacking": {
        "accuracy": 0.9325,
        "f1": 0.8935611038107752,
        "roc_auc": 0.9691872238586156
    }
}