value,count,share
Stephen King,60,0.242914979757085
Nora Roberts,59,0.2388663967611336
Dean Koontz,47,0.1902834008097166
Terry Pratchett,42,0.1700404858299595
Agatha Christie,39,0.15789473684210525
