value,count,share
 ,5,0.23809523809523808
The Gift,5,0.23809523809523808
Perfect,4,0.19047619047619047
Twilight,4,0.19047619047619047
Hidden,3,0.14285714285714285
