value,count,share
Selected Poems,4,0.3076923076923077
Stone Soup,3,0.23076923076923078
The Collected Poems,2,0.15384615384615385
One Flew Over the Cuckoo's Nest,2,0.15384615384615385
"Between the Lines (Between the Lines, #1)",2,0.15384615384615385
