value,count,share
eng,6341,0.7213879408418657
en-US,2070,0.2354948805460751
en-GB,257,0.029237770193401593
ara,64,0.0072810011376564275
en-CA,58,0.006598407281001138
